{"learner":{"attributes":{"scikit_learn":"{\"_estimator_type\": \"classifier\"}"},"feature_names":[],"feature_types":[],"gradient_booster":{"model":{"gbtree_model_param":{"num_parallel_tree":"1","num_trees":"6"},"iteration_indptr":[0,3,6],"tree_info":[0,1,2,0,1,2],"trees":[{"base_weights":[-4.388072E-8,1.4201183E0,-7.2948337E-1],"categories":[],"categories_nodes":[],"categories_segments":[],"categories_sizes":[],"default_left":[0,0,0],"id":0,"left_children":[1,-1,-1],"loss_changes":[5.732271E1,0E0,0E0],"parents":[2147483647,0,0],"right_children":[2,-1,-1],"split_conditions":[3E0,1.4201183E0,-7.2948337E-1],"split_indices":[2,0,0],"split_type":[0,0,0],"sum_hessian":[5.333333E1,1.7777777E1,3.5555553E1],"tree_param":{"num_deleted":"0","num_feature":"4","num_nodes":"3","size_leaf_vector":"1"}},{"base_weights":[1.8404864E-2,-7.100592E-1,3.9209723E-1,1.1904762E0,-6.4429533E-1],"categories":[],"categories_nodes":[],"categories_segments":[],"categories_sizes":[],"default_left":[0,0,0,0,0],"id":1,"left_children":[1,-1,3,-1,-1],"loss_changes":[1.5069112E1,0E0,3.1014328E1,0E0,0E0],"parents":[2147483647,0,0,2,2],"right_children":[2,-1,4,-1,-1],"split_conditions":[3E0,-7.100592E-1,1.8E0,1.1904762E0,-6.4429533E-1],"split_indices":[2,0,3,0,0],"split_type":[0,0,0,0,0],"sum_hessian":[5.333333E1,1.7777777E1,3.5555553E1,1.9999998E1,1.5555554E1],"tree_param":{"num_deleted":"0","num_feature":"4","num_nodes":"5","size_leaf_vector":"1"}},{"base_weights":[-1.8404953E-2,-7.0031554E-1,1.1767956E0,-7.2631586E-1,-3.658537E-1,2.926829E-1,1.3489933E0],"categories":[],"categories_nodes":[],"categories_segments":[],"categories_sizes":[],"default_left":[0,0,0,0,0,0,0],"id":2,"left_children":[1,3,5,-1,-1,-1,-1],"loss_changes":[4.510687E1,4.0575027E-2,2.666933E0,0E0,0E0,0E0,0E0],"parents":[2147483647,0,0,1,1,2,2],"right_children":[2,4,6,-1,-1,-1,-1],"split_conditions":[4.8E0,1.5E0,1.8E0,-7.2631586E-1,-3.658537E-1,2.926829E-1,1.3489933E0],"split_indices":[2,3,3,0,0,0,0],"split_type":[0,0,0,0,0,0,0],"sum_hessian":[5.333333E1,3.422222E1,1.911111E1,3.0666664E1,3.5555553E0,3.5555553E0,1.5555554E1],"tree_param":{"num_deleted":"0","num_feature":"4","num_nodes":"7","size_leaf_vector":"1"}},{"base_weights":[-2.6356604E-2,5.715743E-1,-5.238477E-1],"categories":[],"categories_nodes":[],"categories_segments":[],"categories_sizes":[],"default_left":[0,0,0],"id":3,"left_children":[1,-1,-1],"loss_changes":[8.729804E0,0E0,0E0],"parents":[2147483647,0,0],"right_children":[2,-1,-1],"split_conditions":[3E0,5.715743E-1,-5.238477E-1],"split_indices":[2,0,0],"split_type":[0,0,0],"sum_hessian":[2.7340738E1,1.2349297E1,1.4991442E1],"tree_param":{"num_deleted":"0","num_feature":"4","num_nodes":"3","size_leaf_vector":"1"}},{"base_weights":[-2.6511038E-3,2.1705462E-1,-5.350663E-1,-4.8362854E-1,5.483742E-1,-8.1228673E-1,-3.8871017E-1],"categories":[],"categories_nodes":[],"categories_segments":[],"categories_sizes":[],"default_left":[0,0,0,0,0,0,0],"id":4,"left_children":[1,3,5,-1,-1,-1,-1],"loss_changes":[3.8183255E0,5.6314974E0,7.107282E-2,0E0,0E0,0E0,0E0],"parents":[2147483647,0,0,1,1,2,2],"right_children":[2,4,6,-1,-1,-1,-1],"split_conditions":[5E0,3E0,1.6E0,-4.8362854E-1,5.483742E-1,-8.1228673E-1,-3.8871017E-1],"split_indices":[2,2,3,0,0,0,0],"split_type":[0,0,0,0,0,0,0],"sum_hessian":[3.0649473E1,2.21156E1,8.533873E0,6.9525223E0,1.5163079E1,1.3765029E0,7.1573696E0],"tree_param":{"num_deleted":"0","num_feature":"4","num_nodes":"7","size_leaf_vector":"1"}},{"base_weights":[2.7339993E-2,-4.2894897E-1,6.558862E-1,-5.330683E-1,3.03142E-1,1.0244083E0,5.350463E-1],"categories":[],"categories_nodes":[],"categories_segments":[],"categories_sizes":[],"default_left":[0,0,0,0,0,0,0],"id":5,"left_children":[1,3,5,-1,-1,-1,-1],"loss_changes":[8.997256E0,1.5498447E0,3.8730145E-2,0E0,0E0,0E0,0E0],"parents":[2147483647,0,0,1,1,2,2],"right_children":[2,4,6,-1,-1,-1,-1],"split_conditions":[5E0,1.7E0,1.6E0,-5.330683E-1,3.03142E-1,1.0244083E0,5.350463E-1],"split_indices":[2,3,3,0,0,0,0],"split_type":[0,0,0,0,0,0,0],"sum_hessian":[2.9390358E1,1.7212564E1,1.21777935E1,1.5307376E1,1.9051881E0,1.1606846E0,1.1017109E1],"tree_param":{"num_deleted":"0","num_feature":"4","num_nodes":"7","size_leaf_vector":"1"}}]},"name":"gbtree"},"learner_model_param":{"base_score":"5E-1","boost_from_average":"1","num_class":"3","num_feature":"4","num_target":"1"},"objective":{"name":"multi:softprob","softmax_multiclass_param":{"num_class":"3"}}},"version":[2,0,3]}